problem,status,score,%test passed,time,memory,pass_rate,subtask_0,subtask_1,subtask_10,subtask_11,subtask_12,subtask_13,subtask_14,subtask_15,subtask_16,subtask_17,subtask_18,subtask_19,subtask_2,subtask_20,subtask_21,subtask_22,subtask_3,subtask_4,subtask_5,subtask_6,subtask_7,subtask_8,subtask_9
platinum_Pareidolia,TIME_LIMIT_EXCEEDED,17,4.76%,4.420,29.80859375,,0,0,0,0,0,0,0,0,0,0,0,0,0,0,0,0,16.666666666666664,0,0,0,0,0,0
platinum_Good_Bitstrings,COMPILATION_ERROR,0,0.00%,0.000,0,,0,0,0,0,0,0,0,0,0,0,0,0,0,0,0,0,0,0,0,0,0,0,0
platinum_Triples_of_Cows,RUNTIME_ERROR,0,5.00%,0.200,13.80859375,,0,0,0,0,0,0,0,0,0,0,0,0,0,0,0,0,0,0,0,0,0,0,0
gold_Custodial_Cleanup,WRONG_ANSWER,0,5.56%,0.180,10.16015625,,0,0,0,0,0,0,0,0,0,0,0,0,0,0,0,0,0,0,0,0,0,0,0
gold_Pareidolia,RUNTIME_ERROR,0,5.88%,0.150,2.48046875,,0,0,0,0,0,0,0,0,0,0,0,0,0,0,0,0,0,0,0,0,0,0,0
gold_Tree_Merging,COMPILATION_ERROR,0,0.00%,0.000,0,,0,0,0,0,0,0,0,0,0,0,0,0,0,0,0,0,0,0,0,0,0,0,0
silver_Milk_Sum,ACCEPTED,333,100.00%,0.200,3.62109375,,0,33.33333333333333,33.33333333333333,0,0,0,0,0,0,0,0,0,33.33333333333333,0,0,0,33.33333333333333,33.33333333333333,33.33333333333333,33.33333333333333,33.33333333333333,33.33333333333333,33.33333333333333
silver_Field_Day,WRONG_ANSWER,246,75.00%,0.160,23.98046875,,0,17.543859649122805,17.543859649122805,17.543859649122805,17.543859649122805,17.543859649122805,17.543859649122805,17.543859649122805,0,17.543859649122805,17.543859649122805,17.543859649122805,17.543859649122805,0,0,0,17.543859649122805,17.543859649122805,0,0,0,0,17.543859649122805
silver_Pareidolia,RUNTIME_ERROR,0,0.00%,0.120,1.82421875,,0,0,0,0,0,0,0,0,0,0,0,0,0,0,0,0,0,0,0,0,0,0,0
bronze_FEB,TIME_LIMIT_EXCEEDED,137,50.00%,2.400,3.52734375,,0,19.6078431372549,0,0,19.6078431372549,0,0,0,0,19.6078431372549,0,0,19.6078431372549,0,0,0,19.6078431372549,19.6078431372549,19.6078431372549,0,0,0,0
bronze_Moo_Language,COMPILATION_ERROR,0,0.00%,0.000,0,,0,0,0,0,0,0,0,0,0,0,0,0,0,0,0,0,0,0,0,0,0,0,0
bronze_Rotate_and_Shift,TIME_LIMIT_EXCEEDED,167,53.85%,4.420,2.84765625,,0,27.777777777777775,0,0,0,0,0,0,0,0,0,0,27.777777777777775,0,0,0,27.777777777777775,27.777777777777775,27.777777777777775,27.777777777777775,0,0,0
platinum_Tractor_Paths,RUNTIME_ERROR,0,0.00%,0.110,6.08984375,,0,0,0,0,0,0,0,0,0,0,0,0,0,0,0,0,0,0,0,0,0,0,0
platinum_Mana_Collection,WRONG_ANSWER,0,4.17%,0.340,0.00390625,,0,0,0,0,0,0,0,0,0,0,0,0,0,0,0,0,0,0,0,0,0,0,0
platinum_Subtree_Activation,WRONG_ANSWER,0,4.76%,0.000,0,,0,0,0,0,0,0,0,0,0,0,0,0,0,0,0,0,0,0,0,0,0,0,0
gold_Find_and_Replace,TIME_LIMIT_EXCEEDED,0,6.67%,2.220,273.921875,,0,0,0,0,0,0,0,0,0,0,0,0,0,0,0,0,0,0,0,0,0,0,0
gold_Lights_Off,TIME_LIMIT_EXCEEDED,37,20.00%,4.420,216.48828125,,0,18.51851851851852,0,0,0,0,0,0,0,0,0,0,18.51851851851852,0,0,0,0,0,0,0,0,0,0
gold_Moo_Route,WRONG_ANSWER,0,4.76%,0.110,2.015625,,0,0,0,0,0,0,0,0,0,0,0,0,0,0,0,0,0,0,0,0,0,0,0
silver_Find_and_Replace,WRONG_ANSWER,0,6.67%,0.000,0,,0,0,0,0,0,0,0,0,0,0,0,0,0,0,0,0,0,0,0,0,0,0,0
silver_Following_Directions,TIME_LIMIT_EXCEEDED,214,66.67%,8.890,26.56640625,,0,23.809523809523807,0,0,0,0,0,0,0,0,0,0,23.809523809523807,0,0,0,23.809523809523807,23.809523809523807,23.809523809523807,23.809523809523807,23.809523809523807,23.809523809523807,23.809523809523807
silver_Moo_Route,TIME_LIMIT_EXCEEDED,56,15.00%,2.340,2.53125,,0,18.51851851851852,0,0,0,0,0,0,0,0,0,0,0,0,0,0,18.51851851851852,0,0,0,0,0,18.51851851851852
bronze_Leaders,ACCEPTED,333,100.00%,0.110,2.0703125,,0,22.22222222222222,22.22222222222222,22.22222222222222,22.22222222222222,22.22222222222222,22.22222222222222,22.22222222222222,0,0,0,0,22.22222222222222,0,0,0,22.22222222222222,22.22222222222222,22.22222222222222,22.22222222222222,22.22222222222222,22.22222222222222,22.22222222222222
bronze_Air_Cownditioning_II,ACCEPTED,333,100.00%,0.000,0,,0,33.33333333333333,33.33333333333333,0,0,0,0,0,0,0,0,0,33.33333333333333,0,0,0,33.33333333333333,33.33333333333333,33.33333333333333,33.33333333333333,33.33333333333333,33.33333333333333,33.33333333333333
bronze_Moo_Operations,ACCEPTED,333,100.00%,0.000,0,,0,33.33333333333333,33.33333333333333,0,0,0,0,0,0,0,0,0,33.33333333333333,0,0,0,33.33333333333333,33.33333333333333,33.33333333333333,33.33333333333333,33.33333333333333,33.33333333333333,33.33333333333333
platinum_Hungry_Cow,COMPILATION_ERROR,0,0.00%,0.000,0,,0,0,0,0,0,0,0,0,0,0,0,0,0,0,0,0,0,0,0,0,0,0,0
platinum_Problem_Setting,TIME_LIMIT_EXCEEDED,33,18.18%,2.270,19.85546875,,0,16.666666666666664,0,0,0,0,0,0,0,0,0,0,16.666666666666664,0,0,0,0,0,0,0,0,0,0
platinum_Watching_Cowflix,WRONG_ANSWER,0,8.33%,0.200,15.39453125,,0,0,0,0,0,0,0,0,0,0,0,0,0,0,0,0,0,0,0,0,0,0,0
gold_Equal_Sum_Subarrays,TIME_LIMIT_EXCEEDED,286,87.50%,3.310,3.40625,,0,23.809523809523807,23.809523809523807,23.809523809523807,23.809523809523807,23.809523809523807,23.809523809523807,0,0,0,0,0,23.809523809523807,0,0,0,23.809523809523807,23.809523809523807,23.809523809523807,0,0,23.809523809523807,23.809523809523807
gold_Fertilizing_Pastures,COMPILATION_ERROR,0,0.00%,0.000,0,,0,0,0,0,0,0,0,0,0,0,0,0,0,0,0,0,0,0,0,0,0,0,0
gold_Piling_Papers,MEMORY_LIMIT_EXCEEDED,0,7.69%,1.580,280.76171875,,0,0,0,0,0,0,0,0,0,0,0,0,0,0,0,0,0,0,0,0,0,0,0
silver_Bakery,ACCEPTED,333,100.00%,0.110,0.00390625,,0,33.33333333333333,33.33333333333333,0,0,0,0,0,0,0,0,0,33.33333333333333,0,0,0,33.33333333333333,33.33333333333333,33.33333333333333,33.33333333333333,33.33333333333333,33.33333333333333,33.33333333333333
silver_Cow-libi,ACCEPTED,333,100.00%,0.150,4.390625,,0,33.33333333333333,33.33333333333333,0,0,0,0,0,0,0,0,0,33.33333333333333,0,0,0,33.33333333333333,33.33333333333333,33.33333333333333,33.33333333333333,33.33333333333333,33.33333333333333,33.33333333333333
silver_Moo_Route_II,TIME_LIMIT_EXCEEDED,204,65.00%,4.450,15.21875,,0,18.51851851851852,18.51851851851852,18.51851851851852,0,0,0,0,0,0,0,0,18.51851851851852,0,0,0,18.51851851851852,18.51851851851852,18.51851851851852,18.51851851851852,18.51851851851852,18.51851851851852,18.51851851851852
bronze_Hungry_Cow,ACCEPTED,333,100.00%,0.110,2.7890625,,0,33.33333333333333,33.33333333333333,0,0,0,0,0,0,0,0,0,33.33333333333333,0,0,0,33.33333333333333,33.33333333333333,33.33333333333333,33.33333333333333,33.33333333333333,33.33333333333333,33.33333333333333
bronze_Stamp_Grid,ACCEPTED,333,100.00%,0.110,0.00390625,,0,25.64102564102564,25.64102564102564,25.64102564102564,25.64102564102564,25.64102564102564,0,0,0,0,0,0,25.64102564102564,0,0,0,25.64102564102564,25.64102564102564,25.64102564102564,25.64102564102564,25.64102564102564,25.64102564102564,25.64102564102564
bronze_Watching_Mooloo,ACCEPTED,333,100.00%,0.110,2.015625,,0,33.33333333333333,33.33333333333333,0,0,0,0,0,0,0,0,0,33.33333333333333,0,0,0,33.33333333333333,33.33333333333333,33.33333333333333,33.33333333333333,33.33333333333333,33.33333333333333,33.33333333333333
platinum_Cowntact_Tracing,TIME_LIMIT_EXCEEDED,17,17.39%,2.290,280.78125,,0,0,0,0,0,0,0,0,0,0,0,0,16.666666666666664,0,0,0,0,0,0,0,0,0,0
platinum_A_Graph_Problem,TIME_LIMIT_EXCEEDED,50,26.09%,2.260,20.04296875,,0,16.666666666666664,0,0,0,0,0,0,0,0,0,0,16.666666666666664,0,0,0,16.666666666666664,0,0,0,0,0,0
platinum_Train_Scheduling,WRONG_ANSWER,183,62.50%,0.110,0.00390625,,0,16.666666666666664,16.666666666666664,0,0,0,16.666666666666664,16.666666666666664,0,16.666666666666664,0,16.666666666666664,16.666666666666664,0,0,0,0,16.666666666666664,16.666666666666664,0,0,16.666666666666664,16.666666666666664
gold_Flight_Routes,WRONG_ANSWER,0,9.09%,0.110,0,,0,0,0,0,0,0,0,0,0,0,0,0,0,0,0,0,0,0,0,0,0,0,0
gold_Minimum_Longest_Trip,TIME_LIMIT_EXCEEDED,83,40.00%,2.290,19.67578125,,0,0,0,0,0,0,0,0,0,0,0,0,0,0,0,0,20.833333333333332,20.833333333333332,20.833333333333332,20.833333333333332,0,0,0
gold_Haybale_Distribution,ACCEPTED,333,100.00%,0.160,4.39453125,,0,22.22222222222222,22.22222222222222,22.22222222222222,22.22222222222222,22.22222222222222,22.22222222222222,22.22222222222222,0,0,0,0,22.22222222222222,0,0,0,22.22222222222222,22.22222222222222,22.22222222222222,22.22222222222222,22.22222222222222,22.22222222222222,22.22222222222222
silver_Bovine_Acrobatics,TIME_LIMIT_EXCEEDED,222,70.59%,2.310,7.48046875,,0,22.22222222222222,0,22.22222222222222,22.22222222222222,22.22222222222222,22.22222222222222,0,0,0,0,0,22.22222222222222,0,0,0,22.22222222222222,22.22222222222222,22.22222222222222,22.22222222222222,0,0,0
silver_Cycle_Correspondence,ACCEPTED,333,100.00%,0.230,30.58984375,,0,27.777777777777775,27.777777777777775,27.777777777777775,27.777777777777775,0,0,0,0,0,0,0,27.777777777777775,0,0,0,27.777777777777775,27.777777777777775,27.777777777777775,27.777777777777775,27.777777777777775,27.777777777777775,27.777777777777775
silver_Target_Practice,TIME_LIMIT_EXCEEDED,28,26.67%,2.310,10.38671875,,0,27.777777777777775,0,0,0,0,0,0,0,0,0,0,0,0,0,0,0,0,0,0,0,0,0
bronze_Candy_Cane_Feast,ACCEPTED,333,100.00%,0.140,4.39453125,,0,25.64102564102564,25.64102564102564,25.64102564102564,25.64102564102564,25.64102564102564,0,0,0,0,0,0,25.64102564102564,0,0,0,25.64102564102564,25.64102564102564,25.64102564102564,25.64102564102564,25.64102564102564,25.64102564102564,25.64102564102564
bronze_Cowntact_Tracing_2,WRONG_ANSWER,100,33.33%,0.110,1.86328125,,0,33.33333333333333,0,0,0,0,0,0,0,0,0,0,33.33333333333333,0,0,0,0,33.33333333333333,0,0,0,0,0
bronze_Farmer_John_Actually_Farms,ACCEPTED,333,100.00%,0.150,8.38671875,,0,30.3030303030303,30.3030303030303,30.3030303030303,0,0,0,0,0,0,0,0,30.3030303030303,0,0,0,30.3030303030303,30.3030303030303,30.3030303030303,30.3030303030303,30.3030303030303,30.3030303030303,30.3030303030303
TOTAL,,6409,43.77%,,,27.08%,,,,,,,,,,,,,,,,,,,,,,,
