problem,status,score,relative_score,%test passed,time,memory,pass_rate,subtask_0,subtask_1,subtask_10,subtask_11,subtask_12,subtask_13,subtask_14,subtask_15,subtask_16,subtask_17,subtask_18,subtask_19,subtask_2,subtask_20,subtask_21,subtask_22,subtask_3,subtask_4,subtask_5,subtask_6,subtask_7,subtask_8,subtask_9
platinum_Pareidolia,WRONG_ANSWER,0,0.00%,0.00%,0.270,40.0625,,0,0,0,0,0,0,0,0,0,0,0,0,0,0,0,0,0,0,0,0,0,0,0
platinum_Good_Bitstrings,WRONG_ANSWER,0,0.00%,0.00%,0.000,0,,0,0,0,0,0,0,0,0,0,0,0,0,0,0,0,0,0,0,0,0,0,0,0
platinum_Triples_of_Cows,RUNTIME_ERROR,0,0.00%,5.00%,0.180,14.55078125,,0,0,0,0,0,0,0,0,0,0,0,0,0,0,0,0,0,0,0,0,0,0,0
gold_Custodial_Cleanup,WRONG_ANSWER,0,0.00%,5.56%,0.150,4.1328125,,0,0,0,0,0,0,0,0,0,0,0,0,0,0,0,0,0,0,0,0,0,0,0
gold_Pareidolia,ACCEPTED,333,103.42%,100.00%,0.120,3.22265625,,0,23.809523809523807,23.809523809523807,23.809523809523807,23.809523809523807,23.809523809523807,23.809523809523807,0,0,0,0,0,23.809523809523807,0,0,0,23.809523809523807,23.809523809523807,23.809523809523807,23.809523809523807,23.809523809523807,23.809523809523807,23.809523809523807
gold_Tree_Merging,WRONG_ANSWER,0,0.00%,0.00%,0.120,0,,0,0,0,0,0,0,0,0,0,0,0,0,0,0,0,0,0,0,0,0,0,0,0
silver_Milk_Sum,ACCEPTED,333,100.91%,100.00%,0.240,9.2890625,,0,33.33333333333333,33.33333333333333,0,0,0,0,0,0,0,0,0,33.33333333333333,0,0,0,33.33333333333333,33.33333333333333,33.33333333333333,33.33333333333333,33.33333333333333,33.33333333333333,33.33333333333333
silver_Field_Day,ACCEPTED,333,103.10%,100.00%,0.130,3.390625,,0,17.543859649122805,17.543859649122805,17.543859649122805,17.543859649122805,17.543859649122805,17.543859649122805,17.543859649122805,17.543859649122805,17.543859649122805,17.543859649122805,17.543859649122805,17.543859649122805,0,0,0,17.543859649122805,17.543859649122805,17.543859649122805,17.543859649122805,17.543859649122805,17.543859649122805,17.543859649122805
silver_Pareidolia,ACCEPTED,333,100.91%,100.00%,0.120,1.49609375,,0,33.33333333333333,33.33333333333333,0,0,0,0,0,0,0,0,0,33.33333333333333,0,0,0,33.33333333333333,33.33333333333333,33.33333333333333,33.33333333333333,33.33333333333333,33.33333333333333,33.33333333333333
bronze_FEB,ACCEPTED,333,103.10%,100.00%,0.130,2.05078125,,0,19.6078431372549,19.6078431372549,19.6078431372549,19.6078431372549,19.6078431372549,19.6078431372549,19.6078431372549,19.6078431372549,19.6078431372549,0,0,19.6078431372549,0,0,0,19.6078431372549,19.6078431372549,19.6078431372549,19.6078431372549,19.6078431372549,19.6078431372549,19.6078431372549
bronze_Moo_Language,WRONG_ANSWER,0,0.00%,0.00%,0.130,0.00390625,,0,0,0,0,0,0,0,0,0,0,0,0,0,0,0,0,0,0,0,0,0,0,0
bronze_Rotate_and_Shift,ACCEPTED,333,102.78%,100.00%,0.130,4.0234375,,0,27.777777777777775,27.777777777777775,27.777777777777775,27.777777777777775,0,0,0,0,0,0,0,27.777777777777775,0,0,0,27.777777777777775,27.777777777777775,27.777777777777775,27.777777777777775,27.777777777777775,27.777777777777775,27.777777777777775
platinum_Tractor_Paths,COMPILATION_ERROR,0,0.00%,0.00%,0.000,0,,0,0,0,0,0,0,0,0,0,0,0,0,0,0,0,0,0,0,0,0,0,0,0
platinum_Mana_Collection,TIME_LIMIT_EXCEEDED,0,0.00%,8.33%,6.000,131.5,,0,0,0,0,0,0,0,0,0,0,0,0,0,0,0,0,0,0,0,0,0,0,0
platinum_Subtree_Activation,WRONG_ANSWER,0,0.00%,4.76%,0.130,0.00390625,,0,0,0,0,0,0,0,0,0,0,0,0,0,0,0,0,0,0,0,0,0,0,0
gold_Find_and_Replace,WRONG_ANSWER,0,0.00%,0.00%,0.130,0.00390625,,0,0,0,0,0,0,0,0,0,0,0,0,0,0,0,0,0,0,0,0,0,0,0
gold_Lights_Off,TIME_LIMIT_EXCEEDED,0,0.00%,5.00%,4.810,304.91015625,,0,0,0,0,0,0,0,0,0,0,0,0,0,0,0,0,0,0,0,0,0,0,0
gold_Moo_Route,WRONG_ANSWER,0,0.00%,0.00%,0.120,2.0703125,,0,0,0,0,0,0,0,0,0,0,0,0,0,0,0,0,0,0,0,0,0,0,0
silver_Find_and_Replace,WRONG_ANSWER,0,0.00%,6.67%,0.000,0,,0,0,0,0,0,0,0,0,0,0,0,0,0,0,0,0,0,0,0,0,0,0,0
silver_Following_Directions,ACCEPTED,333,103.42%,100.00%,0.150,20.890625,,0,23.809523809523807,23.809523809523807,23.809523809523807,23.809523809523807,23.809523809523807,23.809523809523807,0,0,0,0,0,23.809523809523807,0,0,0,23.809523809523807,23.809523809523807,23.809523809523807,23.809523809523807,23.809523809523807,23.809523809523807,23.809523809523807
silver_Moo_Route,MEMORY_LIMIT_EXCEEDED,56,17.28%,15.00%,0.190,124.76953125,,0,18.51851851851852,0,0,0,0,0,0,0,0,0,0,0,0,0,0,18.51851851851852,0,0,0,0,0,18.51851851851852
bronze_Leaders,ACCEPTED,333,100.91%,100.00%,0.120,3.1015625,,0,22.22222222222222,22.22222222222222,22.22222222222222,22.22222222222222,22.22222222222222,22.22222222222222,22.22222222222222,0,0,0,0,22.22222222222222,0,0,0,22.22222222222222,22.22222222222222,22.22222222222222,22.22222222222222,22.22222222222222,22.22222222222222,22.22222222222222
bronze_Air_Cownditioning_II,ACCEPTED,333,100.91%,100.00%,0.000,0,,0,33.33333333333333,33.33333333333333,0,0,0,0,0,0,0,0,0,33.33333333333333,0,0,0,33.33333333333333,33.33333333333333,33.33333333333333,33.33333333333333,33.33333333333333,33.33333333333333,33.33333333333333
bronze_Moo_Operations,ACCEPTED,333,100.91%,100.00%,0.000,0,,0,33.33333333333333,33.33333333333333,0,0,0,0,0,0,0,0,0,33.33333333333333,0,0,0,33.33333333333333,33.33333333333333,33.33333333333333,33.33333333333333,33.33333333333333,33.33333333333333,33.33333333333333
platinum_Hungry_Cow,RUNTIME_ERROR,0,0.00%,0.00%,0.160,11.34375,,0,0,0,0,0,0,0,0,0,0,0,0,0,0,0,0,0,0,0,0,0,0,0
platinum_Problem_Setting,ACCEPTED,333,104.06%,100.00%,0.630,37.17578125,,0,16.666666666666664,16.666666666666664,16.666666666666664,16.666666666666664,16.666666666666664,16.666666666666664,16.666666666666664,16.666666666666664,16.666666666666664,16.666666666666664,16.666666666666664,16.666666666666664,16.666666666666664,0,0,16.666666666666664,16.666666666666664,16.666666666666664,16.666666666666664,16.666666666666664,16.666666666666664,16.666666666666664
platinum_Watching_Cowflix,WRONG_ANSWER,0,0.00%,4.17%,0.180,15.6484375,,0,0,0,0,0,0,0,0,0,0,0,0,0,0,0,0,0,0,0,0,0,0,0
gold_Equal_Sum_Subarrays,ACCEPTED,333,103.42%,100.00%,0.160,3.359375,,0,23.809523809523807,23.809523809523807,23.809523809523807,23.809523809523807,23.809523809523807,23.809523809523807,0,0,0,0,0,23.809523809523807,0,0,0,23.809523809523807,23.809523809523807,23.809523809523807,23.809523809523807,23.809523809523807,23.809523809523807,23.809523809523807
gold_Fertilizing_Pastures,WRONG_ANSWER,0,0.00%,4.55%,0.220,19.2265625,,0,0,0,0,0,0,0,0,0,0,0,0,0,0,0,0,0,0,0,0,0,0,0
gold_Piling_Papers,MEMORY_LIMIT_EXCEEDED,0,0.00%,7.69%,1.530,306.390625,,0,0,0,0,0,0,0,0,0,0,0,0,0,0,0,0,0,0,0,0,0,0,0
silver_Bakery,ACCEPTED,333,100.91%,100.00%,0.190,0.00390625,,0,33.33333333333333,33.33333333333333,0,0,0,0,0,0,0,0,0,33.33333333333333,0,0,0,33.33333333333333,33.33333333333333,33.33333333333333,33.33333333333333,33.33333333333333,33.33333333333333,33.33333333333333
silver_Cow-libi,ACCEPTED,333,100.91%,100.00%,0.160,3.6171875,,0,33.33333333333333,33.33333333333333,0,0,0,0,0,0,0,0,0,33.33333333333333,0,0,0,33.33333333333333,33.33333333333333,33.33333333333333,33.33333333333333,33.33333333333333,33.33333333333333,33.33333333333333
silver_Moo_Route_II,RUNTIME_ERROR,130,40.12%,35.00%,0.200,14.046875,,0,0,18.51851851851852,0,0,0,0,0,0,0,0,0,0,0,0,0,0,18.51851851851852,18.51851851851852,18.51851851851852,18.51851851851852,18.51851851851852,18.51851851851852
bronze_Hungry_Cow,ACCEPTED,333,100.91%,100.00%,0.130,0.00390625,,0,33.33333333333333,33.33333333333333,0,0,0,0,0,0,0,0,0,33.33333333333333,0,0,0,33.33333333333333,33.33333333333333,33.33333333333333,33.33333333333333,33.33333333333333,33.33333333333333,33.33333333333333
bronze_Stamp_Grid,ACCEPTED,333,102.46%,100.00%,0.120,0.00390625,,0,25.64102564102564,25.64102564102564,25.64102564102564,25.64102564102564,25.64102564102564,0,0,0,0,0,0,25.64102564102564,0,0,0,25.64102564102564,25.64102564102564,25.64102564102564,25.64102564102564,25.64102564102564,25.64102564102564,25.64102564102564
bronze_Watching_Mooloo,ACCEPTED,333,100.91%,100.00%,0.120,2.015625,,0,33.33333333333333,33.33333333333333,0,0,0,0,0,0,0,0,0,33.33333333333333,0,0,0,33.33333333333333,33.33333333333333,33.33333333333333,33.33333333333333,33.33333333333333,33.33333333333333,33.33333333333333
platinum_Cowntact_Tracing,RUNTIME_ERROR,0,0.00%,0.00%,0.160,11.42578125,,0,0,0,0,0,0,0,0,0,0,0,0,0,0,0,0,0,0,0,0,0,0,0
platinum_A_Graph_Problem,RUNTIME_ERROR,0,0.00%,0.00%,0.190,12.640625,,0,0,0,0,0,0,0,0,0,0,0,0,0,0,0,0,0,0,0,0,0,0,0
platinum_Train_Scheduling,WRONG_ANSWER,300,93.75%,91.67%,0.170,1.5546875,,0,16.666666666666664,16.666666666666664,16.666666666666664,16.666666666666664,16.666666666666664,16.666666666666664,16.666666666666664,0,16.666666666666664,16.666666666666664,0,16.666666666666664,16.666666666666664,0,0,16.666666666666664,16.666666666666664,16.666666666666664,16.666666666666664,16.666666666666664,16.666666666666664,16.666666666666664
gold_Flight_Routes,ACCEPTED,333,104.06%,100.00%,0.120,1.5546875,,0,16.666666666666664,16.666666666666664,16.666666666666664,16.666666666666664,16.666666666666664,16.666666666666664,16.666666666666664,16.666666666666664,16.666666666666664,16.666666666666664,16.666666666666664,16.666666666666664,16.666666666666664,0,0,16.666666666666664,16.666666666666664,16.666666666666664,16.666666666666664,16.666666666666664,16.666666666666664,16.666666666666664
gold_Minimum_Longest_Trip,ACCEPTED,333,104.06%,100.00%,0.380,66.26171875,,0,20.833333333333332,20.833333333333332,20.833333333333332,20.833333333333332,20.833333333333332,20.833333333333332,20.833333333333332,20.833333333333332,0,0,0,20.833333333333332,0,0,0,20.833333333333332,20.833333333333332,20.833333333333332,20.833333333333332,20.833333333333332,20.833333333333332,20.833333333333332
gold_Haybale_Distribution,ACCEPTED,333,100.91%,100.00%,0.180,4.39453125,,0,22.22222222222222,22.22222222222222,22.22222222222222,22.22222222222222,22.22222222222222,22.22222222222222,22.22222222222222,0,0,0,0,22.22222222222222,0,0,0,22.22222222222222,22.22222222222222,22.22222222222222,22.22222222222222,22.22222222222222,22.22222222222222,22.22222222222222
silver_Bovine_Acrobatics,ACCEPTED,333,100.91%,100.00%,0.150,5.1640625,,0,22.22222222222222,22.22222222222222,22.22222222222222,22.22222222222222,22.22222222222222,22.22222222222222,22.22222222222222,0,0,0,0,22.22222222222222,0,0,0,22.22222222222222,22.22222222222222,22.22222222222222,22.22222222222222,22.22222222222222,22.22222222222222,22.22222222222222
silver_Cycle_Correspondence,ACCEPTED,333,102.78%,100.00%,0.170,7.796875,,0,27.777777777777775,27.777777777777775,27.777777777777775,27.777777777777775,0,0,0,0,0,0,0,27.777777777777775,0,0,0,27.777777777777775,27.777777777777775,27.777777777777775,27.777777777777775,27.777777777777775,27.777777777777775,27.777777777777775
silver_Target_Practice,WRONG_ANSWER,278,85.80%,86.67%,0.150,12.71484375,,0,27.777777777777775,27.777777777777775,0,27.777777777777775,0,0,0,0,0,0,0,27.777777777777775,0,0,0,27.777777777777775,27.777777777777775,0,27.777777777777775,27.777777777777775,27.777777777777775,27.777777777777775
bronze_Candy_Cane_Feast,ACCEPTED,333,102.46%,100.00%,0.160,4.39453125,,0,25.64102564102564,25.64102564102564,25.64102564102564,25.64102564102564,25.64102564102564,0,0,0,0,0,0,25.64102564102564,0,0,0,25.64102564102564,25.64102564102564,25.64102564102564,25.64102564102564,25.64102564102564,25.64102564102564,25.64102564102564
bronze_Cowntact_Tracing_2,WRONG_ANSWER,167,50.61%,58.33%,0.130,1.5546875,,0,33.33333333333333,33.33333333333333,0,0,0,0,0,0,0,0,0,0,0,0,0,33.33333333333333,0,0,0,0,33.33333333333333,33.33333333333333
bronze_Farmer_John_Actually_Farms,ACCEPTED,333,100.91%,100.00%,0.150,4.44140625,,0,30.3030303030303,30.3030303030303,30.3030303030303,0,0,0,0,0,0,0,0,30.3030303030303,0,0,0,30.3030303030303,30.3030303030303,30.3030303030303,30.3030303030303,30.3030303030303,30.3030303030303,30.3030303030303
TOTAL,,8923,,57.05%,,,50.00%,,,,,,,,,,,,,,,,,,,,,,,
