problem,status,score,relative_score,%test passed,time,memory,pass_rate,subtask_0,subtask_1,subtask_2,subtask_3,subtask_4,subtask_5,subtask_6
bikesvscars,RUNTIME_ERROR,0,0.00%,0.00%,0.070,1.546875,,0,0,0,0,0,0,0
ppp,TIME_LIMIT_EXCEEDED,36,36.00%,45.21%,3.660,14.4453125,,0,0,16,0,20,0,0
findthebox,RUNTIME_ERROR,0,0.00%,0.00%,0.070,0,,0,0,0,0,0,0,0
inflation,ACCEPTED,100,100.00%,100.00%,0.160,15.02734375,,0,14,28,19,23,16,0
candy,ACCEPTED,100,100.00%,100.00%,0.090,5.16796875,,0,6,19,16,30,29,0
sopsug,UNKNOWN,0,0.00%,0.00%,0.000,0,,0,0,0,0,0,0,0
guessinggame,RUNTIME_ERROR,0,0.00%,0.00%,0.000,0,,0,0,0,0,0,0,0
carnival,RUNTIME_ERROR,0,0.00%,0.00%,0.000,0,,0,0,0,0,0,0,0
TOTAL,,236,,30.65%,,,25.00%,,,,,,,
